"activity_id","date","name","type","distance_km","elevation_gain","moving_time_s","elapsed_time","moving_time","calories","max_heartrate","average_heartrate"
1,2023-01-01,"Activity 1","Run",10.99,83,3565,6399,2929,222,144,155
2,2023-01-02,"Activity 2","Run",5.16,148,5362,3257,2279,173,154,133
3,2023-01-03,"Activity 3","Ride",4.93,47,6007,6145,1326,586,187,127
4,2023-01-04,"Activity 4","Swim",12.33,130,7074,1751,4856,417,176,121
5,2023-01-05,"Activity 5","Ride",19.16,130,2593,2852,2316,754,182,144
6,2023-01-06,"Activity 6","Swim",6.03,179,2375,1620,5253,249,164,126
7,2023-01-07,"Activity 7","Swim",12.54,39,6820,1278,5974,160,188,140
8,2023-01-08,"Activity 8","Ride",13.12,32,4823,2742,2405,272,164,160
9,2023-01-09,"Activity 9","Ride",17.11,151,5789,4539,5421,840,179,135
10,2023-01-10,"Activity 10","Ride",11.93,55,6954,5117,6838,924,142,149
11,2023-01-11,"Activity 11","Run",8.07,180,2478,5018,2082,773,150,129
12,2023-01-12,"Activity 12","Swim",5.21,25,3820,6647,4146,657,144,146
13,2023-01-13,"Activity 13","Swim",11.66,19,5742,6446,3158,113,147,123
14,2023-01-14,"Activity 14","Run",10.52,35,4520,5008,4170,310,170,146
15,2023-01-15,"Activity 15","Run",2.75,7,5784,6736,6031,908,180,129
16,2023-01-16,"Activity 16","Swim",10.29,45,3525,5238,4192,830,187,158
17,2023-01-17,"Activity 17","Run",18.97,148,7185,7116,4470,317,153,158
18,2023-01-18,"Activity 18","Run",5.12,116,3224,5481,2272,200,162,125
19,2023-01-19,"Activity 19","Swim",9.11,169,3590,6245,3200,625,188,138
20,2023-01-20,"Activity 20","Run",2.12,48,1815,5957,4176,912,163,131
21,2023-01-21,"Activity 21","Ride",4.93,104,2085,2537,5643,568,144,155
22,2023-01-22,"Activity 22","Ride",17.49,165,4076,2484,5807,484,175,147
23,2023-01-23,"Activity 23","Run",16.22,164,2063,5919,6130,685,188,133
24,2023-01-24,"Activity 24","Run",17.77,189,4316,6446,5572,360,168,128
25,2023-01-25,"Activity 25","Ride",10.33,70,4785,1766,3864,518,145,150
26,2023-01-26,"Activity 26","Run",17.14,44,5349,3807,5140,382,140,142
27,2023-01-27,"Activity 27","Run",17.73,166,2512,6658,5478,381,173,146
28,2023-01-28,"Activity 28","Ride",19.15,57,4543,4975,5863,532,165,146
29,2023-01-29,"Activity 29","Run",7.36,122,2805,6230,1535,395,189,126
30,2023-01-30,"Activity 30","Ride",9.46,71,4640,2569,1477,867,168,152
31,2023-01-31,"Activity 31","Swim",7.23,79,2646,2457,4947,775,174,128
32,2023-02-01,"Activity 32","Run",8.85,119,6263,2859,6776,571,173,150
33,2023-02-02,"Activity 33","Ride",12.36,143,2593,5128,7142,321,156,135
34,2023-02-03,"Activity 34","Ride",18.92,60,2201,5114,3477,876,159,123
35,2023-02-04,"Activity 35","Ride",4.84,147,5607,2932,2856,358,154,120
36,2023-02-05,"Activity 36","Ride",5.71,138,3611,3055,3290,854,167,123
37,2023-02-06,"Activity 37","Run",14.97,164,6879,4414,1674,331,170,144
38,2023-02-07,"Activity 38","Run",11.53,179,5814,5995,4484,732,169,159
39,2023-02-08,"Activity 39","Run",2.25,89,1415,5308,5704,994,147,155
40,2023-02-09,"Activity 40","Swim",16.37,8,2323,2661,5789,501,181,144
41,2023-02-10,"Activity 41","Swim",7.18,183,4098,4267,2801,178,168,152
42,2023-02-11,"Activity 42","Run",7.9,115,3426,6084,2746,918,162,134
43,2023-02-12,"Activity 43","Run",16.75,17,2943,6467,1861,325,162,157
44,2023-02-13,"Activity 44","Swim",5.9,160,6179,1866,2819,812,165,129
45,2023-02-14,"Activity 45","Swim",13.59,130,5433,4517,2192,127,165,160
46,2023-02-15,"Activity 46","Ride",3.58,119,4089,6103,4010,712,175,157
47,2023-02-16,"Activity 47","Ride",3.87,124,3946,3097,4061,381,172,143
48,2023-02-17,"Activity 48","Swim",13.04,33,2324,2201,1461,927,181,129
49,2023-02-18,"Activity 49","Ride",18.65,87,3397,4853,1469,277,154,130
50,2023-02-19,"Activity 50","Ride",7.56,121,2710,2475,7178,514,157,130
51,2023-02-20,"Activity 51","Swim",18.8,152,2847,6751,2749,860,178,131
52,2023-02-21,"Activity 52","Run",18.08,67,4848,1519,3971,549,152,128
53,2023-02-22,"Activity 53","Run",12.85,42,5685,1500,2371,817,173,130
54,2023-02-23,"Activity 54","Swim",7.62,114,1666,2412,6888,870,153,146
55,2023-02-24,"Activity 55","Ride",18.2,13,5086,5918,3484,101,144,157
56,2023-02-25,"Activity 56","Swim",8.81,33,5338,3640,4731,585,163,140
57,2023-02-26,"Activity 57","Ride",3.49,134,3325,2378,2574,313,170,125
58,2023-02-27,"Activity 58","Ride",8.33,10,4281,4927,4024,570,153,133
59,2023-02-28,"Activity 59","Swim",11.89,133,2965,6581,6722,699,161,155
60,2023-03-01,"Activity 60","Ride",14.78,154,2847,4165,4584,522,150,151
61,2023-03-02,"Activity 61","Swim",4.77,172,1712,2887,4387,879,174,154
62,2023-03-03,"Activity 62","Swim",14.46,131,5241,5320,1599,442,167,121
63,2023-03-04,"Activity 63","Ride",19.87,144,1656,6113,5185,174,148,126
64,2023-03-05,"Activity 64","Run",18.95,199,5060,5195,1892,791,151,153
65,2023-03-06,"Activity 65","Ride",8.03,110,5272,4342,1837,134,185,143
66,2023-03-07,"Activity 66","Run",10.93,128,4326,4919,2522,526,185,142
67,2023-03-08,"Activity 67","Swim",5.82,40,3021,1217,6599,764,170,154
68,2023-03-09,"Activity 68","Swim",12.29,54,2014,1997,3395,522,172,159
69,2023-03-10,"Activity 69","Swim",19.87,50,6507,6518,3044,788,177,139
70,2023-03-11,"Activity 70","Ride",16.06,119,6400,4437,4557,327,147,153
71,2023-03-12,"Activity 71","Swim",14.13,187,6462,1693,1740,775,171,158
72,2023-03-13,"Activity 72","Ride",16.8,86,5658,1897,1276,312,189,150
73,2023-03-14,"Activity 73","Ride",8.92,192,4456,1514,2574,372,161,134
74,2023-03-15,"Activity 74","Run",11.02,176,3271,4437,6843,358,186,144
75,2023-03-16,"Activity 75","Ride",19.76,135,4110,5935,2377,726,146,150
76,2023-03-17,"Activity 76","Ride",13.85,38,5891,3190,5630,233,154,155
77,2023-03-18,"Activity 77","Swim",12.26,114,6892,5314,2476,204,178,152
78,2023-03-19,"Activity 78","Run",11.92,18,4409,6006,5083,232,153,125
79,2023-03-20,"Activity 79","Ride",2.88,24,1668,1571,5392,672,187,156
80,2023-03-21,"Activity 80","Swim",10.92,47,6766,3827,3886,205,148,135
81,2023-03-22,"Activity 81","Swim",12.58,125,4158,5123,1590,692,166,157
82,2023-03-23,"Activity 82","Swim",6.24,182,6096,3047,4608,475,184,157
83,2023-03-24,"Activity 83","Swim",8.59,69,3492,6103,5764,867,160,132
84,2023-03-25,"Activity 84","Swim",4.85,161,3088,7148,6781,110,186,140
85,2023-03-26,"Activity 85","Swim",13.03,43,2986,2765,1949,496,172,126
86,2023-03-27,"Activity 86","Swim",14.36,125,4114,6218,4403,333,152,136
87,2023-03-28,"Activity 87","Ride",13.47,182,1813,2683,3484,735,144,122
88,2023-03-29,"Activity 88","Swim",18.08,19,2185,6367,4062,260,143,140
89,2023-03-30,"Activity 89","Run",8.87,97,5262,2553,4474,977,176,142
90,2023-03-31,"Activity 90","Run",6.1,54,4664,3369,2006,893,141,130
91,2023-04-01,"Activity 91","Swim",15.23,89,4809,1828,3919,927,188,134
92,2023-04-02,"Activity 92","Run",18.63,119,6313,1810,7009,879,172,122
93,2023-04-03,"Activity 93","Swim",3.41,40,2359,6571,3753,557,177,133
94,2023-04-04,"Activity 94","Run",14.64,132,5895,7092,5991,631,167,151
95,2023-04-05,"Activity 95","Ride",11.95,40,2576,5970,4934,445,188,126
96,2023-04-06,"Activity 96","Swim",11.49,25,1811,2245,6592,950,163,139
97,2023-04-07,"Activity 97","Swim",13.91,153,5652,3063,5099,137,160,150
98,2023-04-08,"Activity 98","Swim",7.79,156,6579,5371,2180,683,143,139
99,2023-04-09,"Activity 99","Run",2.46,100,3470,2241,2241,316,169,124
100,2023-04-10,"Activity 100","Swim",19.09,108,1586,6288,3875,374,155,134
101,2023-04-11,"Activity 101","Swim",3.72,38,6392,3093,5616,580,184,126
102,2023-04-12,"Activity 102","Run",19.11,82,1979,6804,6216,330,158,138
103,2023-04-13,"Activity 103","Swim",7.79,132,1452,2572,1216,768,176,134
104,2023-04-14,"Activity 104","Ride",3.86,177,5264,2035,1734,169,150,137
105,2023-04-15,"Activity 105","Swim",15.84,190,4312,3843,6388,881,182,155
106,2023-04-16,"Activity 106","Swim",18.52,160,3715,3531,3086,426,145,152
107,2023-04-17,"Activity 107","Run",13.91,19,4438,1529,6458,622,156,126
108,2023-04-18,"Activity 108","Run",3.98,179,4994,3737,1356,230,142,156
109,2023-04-19,"Activity 109","Ride",6.49,155,4235,2094,6766,644,176,137
110,2023-04-20,"Activity 110","Run",15.18,71,5239,3929,4093,200,170,127
111,2023-04-21,"Activity 111","Run",15.43,79,2048,1855,2001,186,167,133
112,2023-04-22,"Activity 112","Swim",18.92,49,5781,2993,1661,450,167,130
113,2023-04-23,"Activity 113","Ride",17.17,138,6717,6860,3492,347,145,147
114,2023-04-24,"Activity 114","Run",9.3,175,6970,6801,6809,695,161,145
115,2023-04-25,"Activity 115","Swim",11.55,99,4317,1376,2471,260,152,137
116,2023-04-26,"Activity 116","Ride",18.78,168,1558,5245,4428,914,180,124
117,2023-04-27,"Activity 117","Run",19.53,156,6583,4096,7006,794,169,154
118,2023-04-28,"Activity 118","Ride",18.48,54,2162,6263,4331,747,142,151
119,2023-04-29,"Activity 119","Run",17.03,38,3870,4934,2551,946,161,158
120,2023-04-30,"Activity 120","Run",2.1,17,2820,1954,7051,292,186,123
121,2023-05-01,"Activity 121","Run",19.96,26,3790,6034,3197,600,161,146
122,2023-05-02,"Activity 122","Swim",5.38,18,3845,3277,6261,632,146,152
123,2023-05-03,"Activity 123","Swim",4.4,19,4388,2142,1672,910,161,159
124,2023-05-04,"Activity 124","Swim",4.05,171,5678,2704,7166,171,141,134
125,2023-05-05,"Activity 125","Run",2.65,105,4426,5355,4299,658,177,155
126,2023-05-06,"Activity 126","Run",4.76,85,3259,5639,4039,674,148,158
127,2023-05-07,"Activity 127","Run",14.99,22,1931,4092,2640,292,167,128
128,2023-05-08,"Activity 128","Ride",19.91,104,3083,3045,3902,373,182,149
129,2023-05-09,"Activity 129","Run",2.61,116,6882,5677,5788,595,165,156
130,2023-05-10,"Activity 130","Run",7.92,45,6087,6114,2924,206,161,127
131,2023-05-11,"Activity 131","Run",11.93,12,5959,5042,6039,862,170,134
132,2023-05-12,"Activity 132","Run",6.86,83,3154,5308,1880,955,189,160
133,2023-05-13,"Activity 133","Run",9.4,110,5447,4949,4924,789,169,146
134,2023-05-14,"Activity 134","Swim",3.22,191,4383,1883,6200,547,148,133
135,2023-05-15,"Activity 135","Ride",19.47,91,5023,5399,1528,462,182,159
136,2023-05-16,"Activity 136","Run",16.91,163,5371,6691,3625,864,154,154
137,2023-05-17,"Activity 137","Ride",9.79,85,4715,6293,5922,698,162,159
138,2023-05-18,"Activity 138","Swim",6.07,153,5032,6909,7155,325,181,121
139,2023-05-19,"Activity 139","Run",6.49,5,4042,6413,2674,816,168,145
140,2023-05-20,"Activity 140","Ride",5.01,88,1768,3529,2377,830,161,122
141,2023-05-21,"Activity 141","Ride",18.04,139,6117,2554,4282,333,148,152
142,2023-05-22,"Activity 142","Run",16.32,183,1394,3623,1864,903,148,130
143,2023-05-23,"Activity 143","Swim",6.7,72,2486,5125,2920,734,149,129
144,2023-05-24,"Activity 144","Ride",17.38,9,4102,6780,3986,351,172,134
145,2023-05-25,"Activity 145","Ride",2.58,132,7171,6174,4657,969,182,146
146,2023-05-26,"Activity 146","Ride",9.24,68,5718,2530,7164,555,146,146
147,2023-05-27,"Activity 147","Run",11.83,123,5562,4450,3988,591,184,142
148,2023-05-28,"Activity 148","Run",18.06,191,2849,6531,4900,992,174,132
149,2023-05-29,"Activity 149","Ride",13.06,69,5145,3356,2866,803,177,125
150,2023-05-30,"Activity 150","Ride",16.73,51,6442,5296,5783,384,144,149
151,2023-05-31,"Activity 151","Run",17.01,152,2802,4328,1675,930,178,149
152,2023-06-01,"Activity 152","Ride",19.18,184,5993,5249,3666,841,168,135
153,2023-06-02,"Activity 153","Swim",16.93,178,5355,6460,2955,227,163,130
154,2023-06-03,"Activity 154","Ride",9.21,172,3610,2463,4818,417,168,139
155,2023-06-04,"Activity 155","Swim",4.57,89,6403,6347,5080,898,182,128
156,2023-06-05,"Activity 156","Swim",14.7,88,6548,3706,3441,482,141,127
157,2023-06-06,"Activity 157","Run",2.18,148,5888,5655,5870,256,150,139
158,2023-06-07,"Activity 158","Run",18.62,71,4564,2961,2022,778,141,139
159,2023-06-08,"Activity 159","Run",16.57,72,6257,6858,4976,342,173,140
160,2023-06-09,"Activity 160","Swim",4.88,181,4595,6495,5211,210,184,145
161,2023-06-10,"Activity 161","Run",3.83,64,1741,3941,4417,178,184,129
162,2023-06-11,"Activity 162","Swim",9.69,37,2220,3083,5841,367,184,152
163,2023-06-12,"Activity 163","Swim",4.99,36,2007,3429,6106,835,188,148
164,2023-06-13,"Activity 164","Swim",7.75,197,1238,3092,4443,285,176,140
165,2023-06-14,"Activity 165","Swim",19.99,104,6699,3714,1529,455,190,127
166,2023-06-15,"Activity 166","Run",10.54,20,4718,5259,4678,653,143,139
167,2023-06-16,"Activity 167","Swim",7.94,193,7138,2700,5199,828,170,150
168,2023-06-17,"Activity 168","Ride",17.06,19,5926,1945,4774,298,172,153
169,2023-06-18,"Activity 169","Ride",16.34,57,3438,1803,6287,179,165,123
170,2023-06-19,"Activity 170","Swim",13.19,97,1454,1225,1745,935,180,152
171,2023-06-20,"Activity 171","Ride",8,1,4453,4635,1555,627,181,123
172,2023-06-21,"Activity 172","Ride",2.33,0,6747,7172,5895,400,156,145
173,2023-06-22,"Activity 173","Ride",15.37,119,7159,7077,1207,550,166,143
174,2023-06-23,"Activity 174","Ride",6.14,107,1341,3866,1792,839,141,155
175,2023-06-24,"Activity 175","Swim",3.88,174,1694,3466,2616,113,158,128
176,2023-06-25,"Activity 176","Ride",18.38,46,3298,3265,7110,481,150,136
177,2023-06-26,"Activity 177","Run",18.42,133,6478,2464,5763,975,152,138
178,2023-06-27,"Activity 178","Swim",14.7,128,4385,1322,5526,171,145,151
179,2023-06-28,"Activity 179","Run",4.77,197,2588,4167,6063,168,141,138
180,2023-06-29,"Activity 180","Ride",5.11,58,2795,4396,7025,780,174,142
181,2023-06-30,"Activity 181","Swim",3.83,67,4045,3866,5200,697,149,120
182,2023-07-01,"Activity 182","Ride",9.93,60,6968,5186,5839,222,162,148
183,2023-07-02,"Activity 183","Ride",5.92,137,7095,7059,6867,176,151,157
184,2023-07-03,"Activity 184","Swim",7.52,112,1207,1838,2798,895,155,145
185,2023-07-04,"Activity 185","Ride",11.55,97,3566,6801,4225,241,144,125
186,2023-07-05,"Activity 186","Run",11.55,63,6679,2093,1700,194,167,120
187,2023-07-06,"Activity 187","Run",13.35,70,2101,7077,4651,889,156,139
188,2023-07-07,"Activity 188","Swim",10.01,38,6805,5277,2567,714,142,145
189,2023-07-08,"Activity 189","Run",8.76,78,4866,4709,3761,892,183,153
190,2023-07-09,"Activity 190","Swim",18.97,122,6735,4358,3199,645,175,151
191,2023-07-10,"Activity 191","Run",13.05,146,4746,1567,5206,194,143,138
192,2023-07-11,"Activity 192","Ride",2.35,142,6380,1507,6584,144,178,146
193,2023-07-12,"Activity 193","Run",10.62,165,3448,2183,3213,503,160,126
194,2023-07-13,"Activity 194","Swim",10.22,53,6119,5198,3773,829,159,125
195,2023-07-14,"Activity 195","Ride",8.8,173,6317,1575,2853,742,148,127
196,2023-07-15,"Activity 196","Swim",19.97,104,1631,2177,5627,732,175,145
197,2023-07-16,"Activity 197","Run",6.63,126,3167,6434,6054,235,182,133
198,2023-07-17,"Activity 198","Ride",9.99,6,1766,3911,3258,928,146,145
199,2023-07-18,"Activity 199","Ride",15.9,17,6804,5976,6678,903,161,121
200,2023-07-19,"Activity 200","Run",18.19,66,7114,5747,3353,168,153,156
201,2023-07-20,"Activity 201","Ride",15.57,147,6586,1729,4053,424,160,154
202,2023-07-21,"Activity 202","Run",18.26,48,5061,3254,3894,634,173,130
203,2023-07-22,"Activity 203","Ride",18.54,83,6038,4743,5592,749,144,139
204,2023-07-23,"Activity 204","Ride",18.14,114,1938,4420,6794,625,177,130
205,2023-07-24,"Activity 205","Run",5.65,102,6564,4130,1820,625,175,126
206,2023-07-25,"Activity 206","Ride",5.13,73,6132,6103,4701,714,147,139
207,2023-07-26,"Activity 207","Ride",3.95,168,3699,6344,4546,416,170,143
208,2023-07-27,"Activity 208","Swim",17.7,144,3117,1333,3072,959,162,149
209,2023-07-28,"Activity 209","Ride",10.29,58,4813,3692,1395,230,180,147
210,2023-07-29,"Activity 210","Ride",16.76,113,3142,3256,6958,773,158,131
211,2023-07-30,"Activity 211","Run",4.28,54,3668,2305,4959,357,181,148
212,2023-07-31,"Activity 212","Swim",6.89,103,3711,6035,3390,930,182,143
213,2023-08-01,"Activity 213","Run",5.81,31,3300,4839,2402,539,172,142
214,2023-08-02,"Activity 214","Ride",7.84,95,3479,4558,6147,782,140,130
215,2023-08-03,"Activity 215","Swim",10.06,4,2836,2211,2242,880,184,134
216,2023-08-04,"Activity 216","Swim",17.37,172,2508,6489,3075,928,179,150
217,2023-08-05,"Activity 217","Swim",7.2,141,2183,3222,2308,630,154,144
218,2023-08-06,"Activity 218","Ride",13.58,149,1982,6458,5341,502,159,138
219,2023-08-07,"Activity 219","Swim",17.18,34,3462,5526,3980,197,189,123
220,2023-08-08,"Activity 220","Ride",15.47,197,1408,1488,3629,607,164,137
221,2023-08-09,"Activity 221","Swim",14.94,77,6461,3255,3149,194,159,139
222,2023-08-10,"Activity 222","Swim",13.15,122,5063,5477,3950,909,177,149
223,2023-08-11,"Activity 223","Swim",4.39,152,6484,2155,6155,840,171,134
224,2023-08-12,"Activity 224","Run",7.81,109,5133,2749,4226,350,162,156
225,2023-08-13,"Activity 225","Run",2.7,47,1779,5776,5131,812,150,151
226,2023-08-14,"Activity 226","Swim",9.02,198,5537,2712,3783,350,170,134
227,2023-08-15,"Activity 227","Swim",16.16,63,4365,3507,1870,860,169,124
228,2023-08-16,"Activity 228","Run",11.08,45,2188,5113,6339,412,150,148
229,2023-08-17,"Activity 229","Run",15.3,137,4342,4063,7145,724,168,122
230,2023-08-18,"Activity 230","Swim",7.75,117,4607,2962,5597,158,180,146
231,2023-08-19,"Activity 231","Ride",11.84,144,6371,4293,6246,575,145,139
232,2023-08-20,"Activity 232","Swim",10.11,187,2619,5695,2749,201,176,129
233,2023-08-21,"Activity 233","Ride",5.28,144,4229,6725,4519,370,189,142
234,2023-08-22,"Activity 234","Ride",11.86,139,5304,7015,2757,902,169,136
235,2023-08-23,"Activity 235","Ride",11.44,33,1782,6662,5497,297,163,147
236,2023-08-24,"Activity 236","Ride",10.93,61,3921,4448,6578,307,174,159
237,2023-08-25,"Activity 237","Run",12.22,122,3825,3927,1931,275,184,143
238,2023-08-26,"Activity 238","Run",11.51,168,7036,4665,2044,566,180,123
239,2023-08-27,"Activity 239","Swim",19.55,127,4586,6988,3342,344,176,128
240,2023-08-28,"Activity 240","Swim",5.09,198,5941,3033,4719,571,169,137
241,2023-08-29,"Activity 241","Run",7.64,1,3016,2123,6670,319,150,130
242,2023-08-30,"Activity 242","Swim",2.79,49,6496,4478,2995,471,189,120
243,2023-08-31,"Activity 243","Run",10.43,167,3430,2298,4943,962,150,127
244,2023-09-01,"Activity 244","Run",12.02,114,5894,3958,1375,385,142,124
245,2023-09-02,"Activity 245","Ride",18.01,17,2380,2795,5575,955,168,151
246,2023-09-03,"Activity 246","Swim",6.9,101,5891,2597,3256,197,146,142
247,2023-09-04,"Activity 247","Run",10.15,95,2692,2365,1375,913,171,125
248,2023-09-05,"Activity 248","Ride",15.64,172,2977,5562,4684,738,179,147
249,2023-09-06,"Activity 249","Ride",13.2,110,5524,3150,5292,247,165,127
250,2023-09-07,"Activity 250","Ride",12.66,176,2986,6507,6476,858,190,129
251,2023-09-08,"Activity 251","Swim",18.56,50,4107,2826,3493,675,164,151
252,2023-09-09,"Activity 252","Ride",9.43,183,1969,4993,6274,108,149,139
253,2023-09-10,"Activity 253","Swim",14.47,0,5636,1395,2044,830,170,154
254,2023-09-11,"Activity 254","Run",7.17,129,6940,6749,2128,973,181,141
255,2023-09-12,"Activity 255","Run",15.15,101,4292,4240,3854,464,143,148
256,2023-09-13,"Activity 256","Swim",2.09,3,3415,3622,5679,933,187,126
257,2023-09-14,"Activity 257","Ride",14.37,180,4471,2188,4210,316,176,126
258,2023-09-15,"Activity 258","Ride",17.77,151,4910,1327,4059,529,180,155
259,2023-09-16,"Activity 259","Swim",4.33,4,7149,7030,5616,972,181,128
260,2023-09-17,"Activity 260","Ride",3.48,113,4620,5992,3885,230,159,150
261,2023-09-18,"Activity 261","Swim",13.05,135,5246,1233,6729,139,187,141
262,2023-09-19,"Activity 262","Swim",13.33,60,2879,6761,7026,541,150,139
263,2023-09-20,"Activity 263","Swim",15.36,28,2364,1698,1618,750,187,142
264,2023-09-21,"Activity 264","Run",6.31,51,5941,5193,4937,286,150,142
265,2023-09-22,"Activity 265","Ride",13.71,150,2591,1721,4556,352,143,140
266,2023-09-23,"Activity 266","Run",6.58,124,3432,1440,3085,188,161,134
267,2023-09-24,"Activity 267","Ride",2.38,102,5874,4114,5604,693,164,145
268,2023-09-25,"Activity 268","Swim",18.59,30,5340,2796,3146,425,149,145
269,2023-09-26,"Activity 269","Swim",8.5,186,5046,5022,4576,153,189,148
270,2023-09-27,"Activity 270","Ride",13.88,149,6088,2597,5322,314,160,160
271,2023-09-28,"Activity 271","Swim",13.62,194,2642,6686,3400,518,171,158
272,2023-09-29,"Activity 272","Run",14.23,194,6404,3585,1438,104,170,149
273,2023-09-30,"Activity 273","Swim",2.3,199,2592,7093,5489,334,141,154
274,2023-10-01,"Activity 274","Run",10.14,31,4447,6166,6182,551,159,138
275,2023-10-02,"Activity 275","Run",8.08,189,5178,5925,4639,841,147,134
276,2023-10-03,"Activity 276","Ride",18.86,36,6670,5819,3763,345,142,122
277,2023-10-04,"Activity 277","Swim",8.6,92,5940,2731,5820,698,184,126
278,2023-10-05,"Activity 278","Run",16.3,173,2638,7019,1503,818,146,146
279,2023-10-06,"Activity 279","Swim",19.72,118,7145,5926,4379,228,185,121
280,2023-10-07,"Activity 280","Ride",8.8,148,7006,4899,4011,489,168,120
281,2023-10-08,"Activity 281","Ride",13.64,183,5649,6259,6036,157,147,126
282,2023-10-09,"Activity 282","Run",16.81,104,4661,6393,2589,176,188,157
283,2023-10-10,"Activity 283","Swim",16.05,143,7152,2137,5766,832,189,158
284,2023-10-11,"Activity 284","Ride",17.43,188,4313,6157,7193,485,182,148
285,2023-10-12,"Activity 285","Run",14.54,55,6724,5804,5584,996,172,128
286,2023-10-13,"Activity 286","Swim",14.38,108,3930,5008,3817,594,181,146
287,2023-10-14,"Activity 287","Run",12.81,10,6225,3458,5160,808,169,153
288,2023-10-15,"Activity 288","Ride",2.21,164,7125,1270,2524,505,154,143
289,2023-10-16,"Activity 289","Run",9.87,200,6646,5175,3641,983,150,120
290,2023-10-17,"Activity 290","Ride",2.77,31,4067,6331,5291,661,142,128
291,2023-10-18,"Activity 291","Swim",11.71,91,6961,1662,7172,393,187,134
292,2023-10-19,"Activity 292","Run",2.7,105,3040,6246,1955,617,187,134
293,2023-10-20,"Activity 293","Ride",6.92,174,1760,2674,2735,496,155,157
294,2023-10-21,"Activity 294","Run",15.2,17,4982,3946,1687,766,174,125
295,2023-10-22,"Activity 295","Ride",10.45,4,1972,1516,6368,985,159,122
296,2023-10-23,"Activity 296","Ride",14.19,68,3603,1501,4310,858,142,152
297,2023-10-24,"Activity 297","Ride",3.63,7,5158,2973,6580,249,152,147
298,2023-10-25,"Activity 298","Swim",12.64,129,4453,4639,6854,425,142,143
299,2023-10-26,"Activity 299","Ride",11.9,142,3728,7079,2648,581,176,148
300,2023-10-27,"Activity 300","Ride",15.91,33,4566,5358,3987,697,153,153
301,2023-10-28,"Activity 301","Run",6.96,74,5446,2913,2540,990,159,126
302,2023-10-29,"Activity 302","Ride",10.47,31,3271,1363,3552,431,175,159
303,2023-10-30,"Activity 303","Ride",15.79,63,4769,1671,4401,466,157,130
304,2023-10-31,"Activity 304","Run",3.51,156,3588,4024,6945,467,146,135
305,2023-11-01,"Activity 305","Run",13.41,191,5900,3415,3704,857,164,132
306,2023-11-02,"Activity 306","Ride",3.15,89,5153,3449,6242,227,159,157
307,2023-11-03,"Activity 307","Ride",9.46,79,2743,3713,2286,255,170,159
308,2023-11-04,"Activity 308","Ride",3.1,164,4157,4542,6877,430,174,149
309,2023-11-05,"Activity 309","Run",7.21,33,1358,2144,2596,931,169,125
310,2023-11-06,"Activity 310","Swim",17.63,117,4666,3713,4764,276,184,155
311,2023-11-07,"Activity 311","Ride",10.77,37,3928,4432,4062,337,167,126
312,2023-11-08,"Activity 312","Swim",2.71,68,3461,1448,6923,996,173,159
313,2023-11-09,"Activity 313","Swim",18.27,34,1830,2052,1350,395,162,128
314,2023-11-10,"Activity 314","Run",12.82,57,7098,3085,4989,144,171,130
315,2023-11-11,"Activity 315","Run",7.71,102,6860,4433,2982,932,161,134
316,2023-11-12,"Activity 316","Swim",5.11,191,5263,2258,5111,228,168,141
317,2023-11-13,"Activity 317","Swim",15.37,88,6534,5636,6370,349,145,129
318,2023-11-14,"Activity 318","Run",14.63,136,6753,6545,4305,715,160,130
319,2023-11-15,"Activity 319","Swim",5.8,32,3293,2709,4783,849,145,140
320,2023-11-16,"Activity 320","Ride",13.85,119,4677,6560,7027,677,175,159
321,2023-11-17,"Activity 321","Ride",11.83,1,5125,3085,5428,213,144,127
322,2023-11-18,"Activity 322","Swim",3.05,21,5500,4652,1760,650,168,141
323,2023-11-19,"Activity 323","Run",10.84,56,1979,3868,5057,134,175,150
324,2023-11-20,"Activity 324","Run",2.32,186,6907,6511,1904,226,173,150
325,2023-11-21,"Activity 325","Swim",8.75,192,7152,1954,4315,907,170,134
326,2023-11-22,"Activity 326","Run",12.47,156,6559,6266,5592,275,186,155
327,2023-11-23,"Activity 327","Ride",13.99,96,5671,4848,1612,262,159,131
328,2023-11-24,"Activity 328","Run",12.27,180,1630,4358,2409,324,174,124
329,2023-11-25,"Activity 329","Run",16.88,101,1770,4884,4169,424,153,150
330,2023-11-26,"Activity 330","Run",5.92,33,4856,3934,5480,282,179,123
331,2023-11-27,"Activity 331","Swim",5.56,110,3936,6412,3626,973,173,132
332,2023-11-28,"Activity 332","Ride",9.97,95,6935,5038,4300,103,184,142
333,2023-11-29,"Activity 333","Ride",2.76,91,6805,6267,4987,447,162,144
334,2023-11-30,"Activity 334","Run",9.82,17,6899,4643,1662,219,186,149
335,2023-12-01,"Activity 335","Swim",11.71,115,2233,3293,4489,444,173,144
336,2023-12-02,"Activity 336","Run",5.59,143,5522,5179,2655,530,157,137
337,2023-12-03,"Activity 337","Ride",10.57,116,4331,5489,4126,557,148,130
338,2023-12-04,"Activity 338","Ride",17.37,171,1346,3037,5937,398,183,138
339,2023-12-05,"Activity 339","Run",12.64,1,2788,6809,5194,121,166,151
340,2023-12-06,"Activity 340","Run",7.6,139,6138,2990,3909,424,176,133
341,2023-12-07,"Activity 341","Swim",5.81,118,1334,5647,5610,451,164,160
342,2023-12-08,"Activity 342","Run",8.18,193,6776,5186,4914,536,190,121
343,2023-12-09,"Activity 343","Swim",7.22,187,6690,4817,5532,222,162,130
344,2023-12-10,"Activity 344","Swim",14.53,157,6042,3111,4230,566,152,132
345,2023-12-11,"Activity 345","Ride",17.57,124,3136,1973,1526,611,171,155
346,2023-12-12,"Activity 346","Ride",6.91,132,5436,1723,3108,347,187,128
347,2023-12-13,"Activity 347","Swim",14.46,75,4190,3038,5866,225,166,122
348,2023-12-14,"Activity 348","Run",6.36,99,5840,6409,1707,111,184,122
349,2023-12-15,"Activity 349","Ride",3,60,4416,6929,6298,670,190,139
350,2023-12-16,"Activity 350","Swim",17.38,160,3504,1498,4281,266,167,121
351,2023-12-17,"Activity 351","Swim",6.44,113,2640,6117,1890,213,141,127
352,2023-12-18,"Activity 352","Run",8.92,27,6595,6822,5486,247,180,131
353,2023-12-19,"Activity 353","Ride",12.12,43,3196,6148,6192,845,170,123
354,2023-12-20,"Activity 354","Ride",17.22,46,7036,3633,1313,752,186,142
355,2023-12-21,"Activity 355","Ride",8.28,14,5756,1892,3741,324,151,128
356,2023-12-22,"Activity 356","Swim",8.94,27,2773,3942,2734,873,141,139
357,2023-12-23,"Activity 357","Ride",7.57,188,6034,2645,5071,128,168,148
358,2023-12-24,"Activity 358","Swim",17.28,127,1225,2055,6350,510,177,123
359,2023-12-25,"Activity 359","Run",3.45,2,2569,5615,6219,284,173,144
360,2023-12-26,"Activity 360","Run",5.68,34,6579,1650,3239,459,185,146
361,2023-12-27,"Activity 361","Ride",10.42,169,5681,5570,2641,102,146,153
362,2023-12-28,"Activity 362","Swim",3.16,122,1350,6025,6550,833,168,155
363,2023-12-29,"Activity 363","Run",11.73,125,1665,1273,5955,309,149,129
364,2023-12-30,"Activity 364","Ride",13.66,174,2188,4942,6790,618,183,137
365,2023-12-31,"Activity 365","Swim",13.73,143,2499,4956,2293,300,148,154
366,2024-01-01,"Activity 366","Run",13.23,189,6420,4201,3772,986,172,148
367,2024-01-02,"Activity 367","Ride",5.62,188,6388,1905,4523,976,183,148
368,2024-01-03,"Activity 368","Swim",18.08,125,2750,1719,5420,549,163,157
369,2024-01-04,"Activity 369","Ride",15.69,181,5305,2995,2649,302,173,152
370,2024-01-05,"Activity 370","Ride",10.3,70,3009,1584,4253,972,183,122
371,2024-01-06,"Activity 371","Run",9.53,6,5712,5153,3129,711,143,139
372,2024-01-07,"Activity 372","Swim",11.12,168,4684,2937,6548,148,141,125
373,2024-01-08,"Activity 373","Swim",12.2,40,6830,5443,1607,253,176,134
374,2024-01-09,"Activity 374","Run",19.69,135,2013,2723,3906,637,164,142
375,2024-01-10,"Activity 375","Swim",4.11,93,6445,6353,5914,965,168,155
376,2024-01-11,"Activity 376","Run",14.31,63,5949,4728,2260,388,175,128
377,2024-01-12,"Activity 377","Swim",14.75,122,3848,7180,2409,555,154,144
378,2024-01-13,"Activity 378","Ride",19.39,98,4235,6842,6568,772,171,127
379,2024-01-14,"Activity 379","Ride",5.74,114,1965,2442,2367,648,175,127
380,2024-01-15,"Activity 380","Ride",9.68,29,1824,4632,4759,650,174,142
381,2024-01-16,"Activity 381","Ride",11.33,187,6419,3541,6461,242,183,158
382,2024-01-17,"Activity 382","Run",16.36,6,1902,5630,5677,668,144,151
383,2024-01-18,"Activity 383","Swim",4.93,93,4606,2016,1614,909,144,137
384,2024-01-19,"Activity 384","Swim",17.25,149,1427,2537,5297,563,183,150
385,2024-01-20,"Activity 385","Ride",5.07,154,1546,2572,4876,923,154,153
386,2024-01-21,"Activity 386","Ride",10.16,86,4084,1785,7012,564,183,159
387,2024-01-22,"Activity 387","Swim",12.47,44,6505,5390,3285,573,164,146
388,2024-01-23,"Activity 388","Ride",5.88,132,6674,6950,3495,123,160,131
389,2024-01-24,"Activity 389","Swim",15.32,120,2159,6326,2111,181,164,148
390,2024-01-25,"Activity 390","Swim",17.93,195,1932,5968,6270,110,153,126
391,2024-01-26,"Activity 391","Run",5.96,80,3359,3909,3591,654,165,130
392,2024-01-27,"Activity 392","Run",3.05,113,4585,3267,2265,576,169,147
393,2024-01-28,"Activity 393","Swim",11.57,2,3817,6593,5793,686,181,121
394,2024-01-29,"Activity 394","Swim",17.93,189,1921,3506,4253,518,160,146
395,2024-01-30,"Activity 395","Swim",2.78,88,2621,5666,1903,124,182,126
396,2024-01-31,"Activity 396","Ride",6.24,103,4223,1663,4987,139,177,134
397,2024-02-01,"Activity 397","Ride",4.28,12,7175,5216,6359,560,164,154
398,2024-02-02,"Activity 398","Run",5.72,186,4162,2944,5368,352,148,152
399,2024-02-03,"Activity 399","Swim",5.61,27,4054,6985,5506,125,173,127
400,2024-02-04,"Activity 400","Run",4.01,142,4503,4837,4383,980,183,157
401,2024-02-05,"Activity 401","Run",10.03,99,4014,5949,2401,714,171,144
402,2024-02-06,"Activity 402","Ride",15.04,1,2436,3445,2208,418,150,146
403,2024-02-07,"Activity 403","Ride",13.39,37,6814,1534,4163,299,184,158
404,2024-02-08,"Activity 404","Swim",15.34,191,6998,6492,2433,993,166,155
405,2024-02-09,"Activity 405","Swim",18.1,21,2896,1833,5717,584,154,134
406,2024-02-10,"Activity 406","Ride",15.09,62,6167,6937,6862,295,150,121
407,2024-02-11,"Activity 407","Run",16.19,113,5898,1309,5504,966,143,137
408,2024-02-12,"Activity 408","Run",14.54,59,4692,4745,1873,812,187,127
409,2024-02-13,"Activity 409","Swim",2.8,9,3332,6843,4811,851,158,137
410,2024-02-14,"Activity 410","Run",13.35,20,2734,7176,5799,828,149,150
411,2024-02-15,"Activity 411","Swim",8.26,42,6279,6980,6858,295,178,126
412,2024-02-16,"Activity 412","Ride",19.9,118,6670,6577,2524,655,165,134
413,2024-02-17,"Activity 413","Swim",9.93,15,7066,2800,1909,306,148,152
414,2024-02-18,"Activity 414","Ride",11.92,5,2893,3405,3608,856,172,146
415,2024-02-19,"Activity 415","Swim",17.88,15,3375,5871,4818,397,188,139
416,2024-02-20,"Activity 416","Run",9.09,22,4980,3577,2599,168,176,122
417,2024-02-21,"Activity 417","Swim",6.71,193,2832,2981,5628,521,188,141
418,2024-02-22,"Activity 418","Run",18.08,71,1832,5356,5385,713,164,130
419,2024-02-23,"Activity 419","Ride",12.22,35,4385,4112,4201,877,153,135
420,2024-02-24,"Activity 420","Run",19.9,23,2799,1872,5728,845,153,125
421,2024-02-25,"Activity 421","Run",10.34,196,4970,4032,5091,732,171,145
422,2024-02-26,"Activity 422","Swim",5.66,42,2988,5938,3897,847,185,143
423,2024-02-27,"Activity 423","Run",16.65,33,4312,5557,1510,581,184,137
424,2024-02-28,"Activity 424","Run",10.02,152,5896,1252,5680,397,170,142
425,2024-02-29,"Activity 425","Run",18.55,143,3251,5977,5833,414,175,150
426,2024-03-01,"Activity 426","Ride",9.87,152,2408,2335,1594,239,170,144
427,2024-03-02,"Activity 427","Run",6.42,85,2424,2485,2341,142,185,142
428,2024-03-03,"Activity 428","Ride",14.9,138,6203,2384,2161,338,169,126
429,2024-03-04,"Activity 429","Run",16.18,73,4851,1224,3006,511,158,130
430,2024-03-05,"Activity 430","Swim",12.55,74,1262,1650,6090,670,172,141
431,2024-03-06,"Activity 431","Ride",11.94,22,1379,5475,4920,342,146,149
432,2024-03-07,"Activity 432","Run",13.72,1,4226,4324,1238,607,141,134
433,2024-03-08,"Activity 433","Swim",2.97,93,5934,2013,3452,178,160,155
434,2024-03-09,"Activity 434","Run",4.61,192,2570,1430,4717,983,186,135
435,2024-03-10,"Activity 435","Swim",2.38,71,6080,6440,1721,679,183,150
436,2024-03-11,"Activity 436","Ride",17.44,65,3907,4750,5052,391,147,127
437,2024-03-12,"Activity 437","Ride",19.14,35,1799,2050,4573,737,147,148
438,2024-03-13,"Activity 438","Run",13.79,175,5461,2456,3860,198,154,121
439,2024-03-14,"Activity 439","Ride",13.51,9,6987,4778,7195,320,162,151
440,2024-03-15,"Activity 440","Run",10.71,90,5555,6310,6973,343,141,139
441,2024-03-16,"Activity 441","Run",10.51,61,4298,7041,2152,286,163,124
442,2024-03-17,"Activity 442","Swim",8.02,6,3479,2887,3777,177,145,147
443,2024-03-18,"Activity 443","Swim",14.63,6,5215,4506,3509,792,172,142
444,2024-03-19,"Activity 444","Ride",16.49,20,7069,6993,5977,388,161,128
445,2024-03-20,"Activity 445","Ride",8.61,189,3650,3104,3967,400,161,125
446,2024-03-21,"Activity 446","Ride",7.06,110,3400,1655,5681,597,169,154
447,2024-03-22,"Activity 447","Run",7.47,200,6478,6942,1664,444,142,127
448,2024-03-23,"Activity 448","Swim",13.44,102,1873,6539,5375,161,168,123
449,2024-03-24,"Activity 449","Swim",16.46,172,4125,6903,4808,578,186,121
450,2024-03-25,"Activity 450","Swim",4.34,172,2482,6649,2507,910,146,139
451,2024-03-26,"Activity 451","Swim",17.75,70,1719,1403,2831,897,156,156
452,2024-03-27,"Activity 452","Run",17.06,189,6842,6260,7093,890,160,122
453,2024-03-28,"Activity 453","Run",13.08,142,5207,4361,5410,960,165,134
454,2024-03-29,"Activity 454","Run",6.97,79,2684,2127,6670,324,188,145
455,2024-03-30,"Activity 455","Ride",10.29,66,6617,3120,1329,269,173,137
456,2024-03-31,"Activity 456","Run",15.77,83,5847,1317,1413,331,140,136
457,2024-04-01,"Activity 457","Run",7.18,58,4344,6689,2234,760,150,154
458,2024-04-02,"Activity 458","Swim",5.81,5,6798,6790,5284,326,149,128
459,2024-04-03,"Activity 459","Ride",12.66,54,6641,4719,6112,570,157,142
460,2024-04-04,"Activity 460","Run",9.66,118,6765,6483,3473,128,157,126
461,2024-04-05,"Activity 461","Swim",3.4,8,6574,1685,3033,600,184,131
462,2024-04-06,"Activity 462","Ride",6.04,171,3634,6917,4335,677,186,135
463,2024-04-07,"Activity 463","Ride",4.9,80,3308,5505,6187,773,183,149
464,2024-04-08,"Activity 464","Run",11.43,101,3936,5651,3475,486,150,159
465,2024-04-09,"Activity 465","Swim",11.72,5,3805,2221,5479,805,155,137
466,2024-04-10,"Activity 466","Swim",19.12,177,7127,6493,5949,692,142,137
467,2024-04-11,"Activity 467","Swim",17.19,27,7087,3819,6194,427,187,126
468,2024-04-12,"Activity 468","Swim",18.85,6,5723,2222,2662,291,163,128
469,2024-04-13,"Activity 469","Run",4.33,78,4248,1305,2168,770,167,136
470,2024-04-14,"Activity 470","Run",2.18,63,6043,6443,3858,776,176,126
471,2024-04-15,"Activity 471","Swim",17.4,184,3743,1763,4063,162,177,150
472,2024-04-16,"Activity 472","Swim",3.46,187,3329,6320,3218,766,173,146
473,2024-04-17,"Activity 473","Swim",5.76,178,3118,1713,3101,483,144,131
474,2024-04-18,"Activity 474","Swim",14.04,119,5693,4900,3918,253,159,138
475,2024-04-19,"Activity 475","Ride",3.08,165,6917,5683,5634,842,155,121
476,2024-04-20,"Activity 476","Run",3.51,57,6710,2633,2029,737,155,133
477,2024-04-21,"Activity 477","Swim",10.44,126,4301,3860,2359,773,151,135
478,2024-04-22,"Activity 478","Swim",6.8,194,6222,2700,3839,258,171,143
479,2024-04-23,"Activity 479","Run",17.3,164,5037,1377,2090,324,148,130
480,2024-04-24,"Activity 480","Run",18.08,63,2718,5000,3304,445,142,157
481,2024-04-25,"Activity 481","Swim",4.79,30,1898,4665,6678,261,141,142
482,2024-04-26,"Activity 482","Run",18.75,55,3948,2842,3624,180,172,129
483,2024-04-27,"Activity 483","Swim",4.38,88,4625,4194,5771,346,157,122
484,2024-04-28,"Activity 484","Run",8.61,19,3907,4369,2992,435,156,149
485,2024-04-29,"Activity 485","Run",16.62,57,5993,5428,4003,963,184,157
486,2024-04-30,"Activity 486","Run",3.63,181,2439,5694,4177,954,182,153
487,2024-05-01,"Activity 487","Ride",19.6,178,3868,2075,1276,680,187,132
488,2024-05-02,"Activity 488","Ride",12.2,81,3880,4868,6408,578,155,156
489,2024-05-03,"Activity 489","Ride",12.41,73,4458,2593,4286,779,179,155
490,2024-05-04,"Activity 490","Run",15.51,24,2146,6303,7090,429,153,124
491,2024-05-05,"Activity 491","Swim",12.65,159,3033,5511,4841,878,167,125
492,2024-05-06,"Activity 492","Ride",10,64,4150,3799,2837,498,154,121
493,2024-05-07,"Activity 493","Ride",16.76,46,4021,6200,1999,690,149,153
494,2024-05-08,"Activity 494","Run",18.42,157,6314,5623,3231,797,158,157
495,2024-05-09,"Activity 495","Run",16.65,168,6564,5843,5963,745,166,121
496,2024-05-10,"Activity 496","Ride",8.35,34,1275,5137,2542,659,184,146
497,2024-05-11,"Activity 497","Ride",4.23,30,6152,1433,7102,328,141,120
498,2024-05-12,"Activity 498","Swim",8.1,189,1332,2281,2357,675,148,145
499,2024-05-13,"Activity 499","Swim",11.31,155,2088,4150,3550,333,143,138
500,2024-05-14,"Activity 500","Swim",14.11,149,2464,5678,3576,410,190,136
501,2024-05-15,"Activity 501","Swim",11.3,151,6263,6445,4041,894,177,129
502,2024-05-16,"Activity 502","Ride",15.44,181,5499,7121,5068,953,148,141
503,2024-05-17,"Activity 503","Ride",15.49,58,5382,1488,6777,156,171,139
504,2024-05-18,"Activity 504","Run",4.75,96,4341,3629,1604,344,146,133
505,2024-05-19,"Activity 505","Swim",17.38,117,2291,3437,5253,476,186,145
506,2024-05-20,"Activity 506","Swim",3.13,154,2966,6319,1428,591,142,146
507,2024-05-21,"Activity 507","Run",18.62,56,1518,3668,3986,705,167,140
508,2024-05-22,"Activity 508","Run",11.57,171,4936,2663,3758,822,152,157
509,2024-05-23,"Activity 509","Swim",4.97,98,2980,2080,4966,159,140,120
510,2024-05-24,"Activity 510","Run",12.82,179,6451,2020,4458,775,168,127
511,2024-05-25,"Activity 511","Swim",7.99,139,5984,6812,4894,148,171,159
512,2024-05-26,"Activity 512","Run",15.16,78,3421,1617,7190,927,181,134
513,2024-05-27,"Activity 513","Swim",7.93,137,4720,1920,4239,924,185,136
514,2024-05-28,"Activity 514","Swim",14.84,111,2045,3246,1369,525,151,131
515,2024-05-29,"Activity 515","Ride",9.58,21,4417,1382,1797,716,175,127
516,2024-05-30,"Activity 516","Run",19.8,106,2135,3537,3885,897,147,159
517,2024-05-31,"Activity 517","Run",11.95,152,2365,1950,4183,706,170,124
518,2024-06-01,"Activity 518","Run",6.57,4,4981,1370,5966,853,154,141
519,2024-06-02,"Activity 519","Run",10.98,45,5079,6017,1997,575,160,146
520,2024-06-03,"Activity 520","Swim",3.69,166,4038,2881,4004,714,177,156
521,2024-06-04,"Activity 521","Ride",9.91,190,3530,3863,6918,717,140,138
522,2024-06-05,"Activity 522","Run",7.64,196,3553,3087,3275,221,148,137
523,2024-06-06,"Activity 523","Ride",10.16,113,7164,1834,1639,466,143,137
524,2024-06-07,"Activity 524","Swim",3.51,187,5100,1524,6646,549,165,124
525,2024-06-08,"Activity 525","Swim",7.26,0,2758,5803,6421,363,141,120
526,2024-06-09,"Activity 526","Ride",14.25,158,5642,5519,2296,727,171,156
527,2024-06-10,"Activity 527","Ride",13.11,13,1874,3360,5267,781,173,144
528,2024-06-11,"Activity 528","Run",7.19,188,3803,6087,5868,184,152,151
529,2024-06-12,"Activity 529","Ride",16.19,168,4543,4600,3992,160,149,132
530,2024-06-13,"Activity 530","Run",15.97,194,4786,5413,4929,364,180,130
531,2024-06-14,"Activity 531","Run",16.37,98,4470,1703,3690,449,172,144
532,2024-06-15,"Activity 532","Ride",13.84,196,4923,2722,6099,201,171,134
533,2024-06-16,"Activity 533","Run",5.14,85,2286,4103,4940,157,187,147
534,2024-06-17,"Activity 534","Swim",2.17,9,2106,1301,3133,258,147,135
535,2024-06-18,"Activity 535","Ride",15.92,100,4684,6905,1577,362,184,139
536,2024-06-19,"Activity 536","Ride",4.43,77,3920,3699,4391,958,189,130
537,2024-06-20,"Activity 537","Swim",3.11,22,3112,1274,2943,447,157,150
538,2024-06-21,"Activity 538","Ride",3.39,17,1595,6657,4809,364,189,146
539,2024-06-22,"Activity 539","Swim",17,149,1794,1527,1867,999,172,128
540,2024-06-23,"Activity 540","Ride",4.2,50,4807,2503,1844,349,186,131
541,2024-06-24,"Activity 541","Run",14.29,4,4416,5234,1665,631,156,154
542,2024-06-25,"Activity 542","Ride",6.1,149,4707,6810,6009,749,149,141
543,2024-06-26,"Activity 543","Swim",17.05,72,2827,4236,1677,642,185,134
544,2024-06-27,"Activity 544","Ride",17.71,140,1428,2594,3493,191,170,132
545,2024-06-28,"Activity 545","Run",3.98,110,3721,6872,4846,224,161,147
546,2024-06-29,"Activity 546","Ride",10.54,116,3857,3079,2609,208,148,149
547,2024-06-30,"Activity 547","Run",12.57,74,5614,3517,4788,772,181,160
548,2024-07-01,"Activity 548","Run",14.14,56,6446,2103,5035,167,168,160
549,2024-07-02,"Activity 549","Run",12.2,54,5852,1518,3299,928,159,139
550,2024-07-03,"Activity 550","Ride",6.07,77,1535,1804,1412,264,164,128
551,2024-07-04,"Activity 551","Run",17.03,154,2342,2110,1772,128,183,125
552,2024-07-05,"Activity 552","Ride",18.54,171,4547,1423,2996,660,150,148
553,2024-07-06,"Activity 553","Run",6.26,141,4634,1413,5886,533,153,134
554,2024-07-07,"Activity 554","Run",9.05,20,3083,2645,6303,649,185,134
555,2024-07-08,"Activity 555","Run",10.22,192,3422,2563,5195,543,150,158
556,2024-07-09,"Activity 556","Run",3.15,78,6779,5756,4248,637,148,157
557,2024-07-10,"Activity 557","Run",7.22,80,5836,2154,3404,800,148,153
558,2024-07-11,"Activity 558","Run",7.65,177,3001,4561,5237,158,145,152
559,2024-07-12,"Activity 559","Run",16.92,14,2885,5020,4777,269,141,145
560,2024-07-13,"Activity 560","Ride",15.06,145,6706,2725,3612,504,186,129
561,2024-07-14,"Activity 561","Run",17.71,67,4848,3068,2939,792,163,149
562,2024-07-15,"Activity 562","Run",9.15,169,2798,6814,4078,996,145,130
563,2024-07-16,"Activity 563","Swim",3,194,2658,5978,2864,923,142,134
564,2024-07-17,"Activity 564","Run",12.62,69,3873,1797,2052,951,163,131
565,2024-07-18,"Activity 565","Swim",3.89,161,5674,5369,3203,485,155,140
566,2024-07-19,"Activity 566","Ride",17.33,189,3504,5505,1481,295,164,131
567,2024-07-20,"Activity 567","Ride",16.75,199,3364,6589,4607,598,154,148
568,2024-07-21,"Activity 568","Ride",12.17,80,3835,5923,2454,794,180,157
569,2024-07-22,"Activity 569","Swim",17.58,186,2293,4620,1957,167,155,153
570,2024-07-23,"Activity 570","Swim",7.88,102,3419,4191,7086,753,175,152
571,2024-07-24,"Activity 571","Run",2.66,193,1385,5307,4617,502,169,122
572,2024-07-25,"Activity 572","Swim",11.12,158,4073,6635,5131,819,161,148
573,2024-07-26,"Activity 573","Ride",5.76,144,7160,4691,6294,803,140,125
574,2024-07-27,"Activity 574","Ride",19.16,101,5129,5307,2348,255,180,154
575,2024-07-28,"Activity 575","Ride",15.95,57,4581,5643,1871,275,176,146
576,2024-07-29,"Activity 576","Swim",6.37,81,4242,2916,3408,863,148,133
577,2024-07-30,"Activity 577","Ride",11.72,145,2809,5167,7158,256,152,146
578,2024-07-31,"Activity 578","Swim",12.55,129,5096,2730,3531,226,150,121
579,2024-08-01,"Activity 579","Run",8.87,158,4876,3255,3289,177,146,137
580,2024-08-02,"Activity 580","Run",4.91,18,3355,4413,1392,482,172,122
581,2024-08-03,"Activity 581","Swim",19.56,5,2915,3360,6173,383,186,159
582,2024-08-04,"Activity 582","Swim",10.56,129,1750,6507,6706,288,152,122
583,2024-08-05,"Activity 583","Ride",7.71,198,4623,6852,3290,995,144,131
584,2024-08-06,"Activity 584","Run",8.12,172,3977,7177,4445,598,167,158
585,2024-08-07,"Activity 585","Swim",8.28,152,4350,7160,5842,267,175,157
586,2024-08-08,"Activity 586","Ride",19.33,74,4837,5346,1662,426,143,159
587,2024-08-09,"Activity 587","Ride",4.67,11,7087,6700,1324,916,154,158
588,2024-08-10,"Activity 588","Run",8.16,84,5970,2798,4268,722,143,147
589,2024-08-11,"Activity 589","Run",12.45,171,4199,4963,3510,897,187,159
590,2024-08-12,"Activity 590","Run",13.72,134,4079,3420,3139,688,150,159
591,2024-08-13,"Activity 591","Ride",9.48,12,4003,5757,5222,802,187,135
592,2024-08-14,"Activity 592","Ride",13.01,192,2178,6569,3908,901,154,151
593,2024-08-15,"Activity 593","Ride",7.17,109,4920,3954,3011,481,158,121
594,2024-08-16,"Activity 594","Swim",19.67,113,2015,4295,5317,653,185,129
595,2024-08-17,"Activity 595","Run",9.13,179,4760,4047,2521,432,173,134
596,2024-08-18,"Activity 596","Swim",7.39,162,4374,4481,6380,505,152,143
597,2024-08-19,"Activity 597","Ride",15.45,163,2474,1574,5207,717,140,127
598,2024-08-20,"Activity 598","Swim",2.27,131,5550,3035,6001,491,177,148
599,2024-08-21,"Activity 599","Ride",12.33,194,2577,5843,4113,832,185,125
600,2024-08-22,"Activity 600","Swim",8.64,200,3884,2707,2428,441,149,132
601,2024-08-23,"Activity 601","Run",4.3,181,2586,2745,3599,486,167,124
602,2024-08-24,"Activity 602","Ride",5.88,36,6226,5792,3275,861,158,143
603,2024-08-25,"Activity 603","Ride",10.19,58,4768,4276,2557,296,141,152
604,2024-08-26,"Activity 604","Run",5.93,79,5772,5306,2396,616,170,134
605,2024-08-27,"Activity 605","Swim",19.96,146,5819,2485,1543,103,163,132
606,2024-08-28,"Activity 606","Run",15.99,172,1732,4480,5217,344,168,147
607,2024-08-29,"Activity 607","Ride",10.34,41,2386,3008,2974,737,170,124
608,2024-08-30,"Activity 608","Run",16.69,132,6718,5987,2020,452,141,129
609,2024-08-31,"Activity 609","Ride",15.72,42,2560,7179,4906,517,161,124
610,2024-09-01,"Activity 610","Ride",4.01,121,1374,6507,3647,419,160,141
611,2024-09-02,"Activity 611","Ride",10.97,94,4165,2425,5412,468,175,127
612,2024-09-03,"Activity 612","Swim",13.99,192,4480,7060,5494,883,165,139
613,2024-09-04,"Activity 613","Swim",16.82,193,4779,1573,2463,934,150,139
614,2024-09-05,"Activity 614","Swim",14.66,109,2209,2556,6661,614,178,128
615,2024-09-06,"Activity 615","Swim",16.82,87,5525,4352,6637,315,155,139
616,2024-09-07,"Activity 616","Swim",5.83,63,7130,4834,1341,293,140,135
617,2024-09-08,"Activity 617","Ride",2.87,107,3240,2476,3371,642,149,151
618,2024-09-09,"Activity 618","Swim",3.98,120,1325,4213,2776,710,145,124
619,2024-09-10,"Activity 619","Swim",7.97,132,6245,6053,2305,998,187,151
620,2024-09-11,"Activity 620","Run",18.44,136,4691,5878,2258,972,190,146
621,2024-09-12,"Activity 621","Swim",10.97,118,6480,5835,4729,687,179,156
622,2024-09-13,"Activity 622","Run",6.85,80,2865,1440,3639,871,155,128
623,2024-09-14,"Activity 623","Run",14.66,28,3975,3881,5425,766,154,151
624,2024-09-15,"Activity 624","Run",10.84,136,1760,5410,4236,465,184,128
625,2024-09-16,"Activity 625","Swim",7.86,193,6498,6656,4895,612,154,155
626,2024-09-17,"Activity 626","Ride",17.85,83,3195,5884,4538,274,149,130
627,2024-09-18,"Activity 627","Ride",18.51,36,2541,3483,4827,514,167,156
628,2024-09-19,"Activity 628","Swim",18.92,103,2869,6962,2240,387,178,142
629,2024-09-20,"Activity 629","Ride",2.64,146,1786,6495,5699,608,182,148
630,2024-09-21,"Activity 630","Ride",18.35,61,3023,4639,6803,639,188,159
631,2024-09-22,"Activity 631","Run",5.79,86,2556,6442,3757,179,147,140
632,2024-09-23,"Activity 632","Ride",8.55,15,7000,6274,5042,862,181,135
633,2024-09-24,"Activity 633","Run",8.78,61,3108,3933,4646,491,158,131
634,2024-09-25,"Activity 634","Swim",14.75,44,5176,3963,5854,899,145,141
635,2024-09-26,"Activity 635","Run",4.33,152,2926,5573,5149,142,186,130
636,2024-09-27,"Activity 636","Run",8.71,63,2657,4009,2063,872,149,128
637,2024-09-28,"Activity 637","Swim",3.38,144,6314,2875,1699,135,175,143
638,2024-09-29,"Activity 638","Run",17.8,83,6931,6489,5466,275,152,124
639,2024-09-30,"Activity 639","Ride",19.9,95,6985,4187,2185,202,180,144
640,2024-10-01,"Activity 640","Ride",8.95,134,3444,1892,2962,948,142,143
641,2024-10-02,"Activity 641","Run",5.76,192,6946,5946,5520,953,170,139
642,2024-10-03,"Activity 642","Swim",9.1,65,4955,5777,3069,110,176,151
643,2024-10-04,"Activity 643","Run",19.82,106,5226,6905,3522,901,184,129
644,2024-10-05,"Activity 644","Swim",6.34,188,4524,2819,1945,381,155,151
645,2024-10-06,"Activity 645","Ride",3.96,16,2838,4651,6517,604,179,151
646,2024-10-07,"Activity 646","Ride",5.21,156,4273,3798,1625,443,165,147
647,2024-10-08,"Activity 647","Ride",10.64,172,1423,6131,2561,366,186,153
648,2024-10-09,"Activity 648","Ride",17.1,32,4794,3370,6358,466,155,156
649,2024-10-10,"Activity 649","Swim",8.37,38,5058,6985,6972,219,170,125
650,2024-10-11,"Activity 650","Run",14.43,31,4962,4620,6838,911,185,153
